{
    "project": "NeuralRetail",
    "generated_on": "2026-07-07 04:05:30.662580",
    "total_revenue": 8670619.438,
    "total_orders": 33301,
    "total_customers": 5678,
    "total_products": 4585,
    "average_order_value": 14.626474012936733,
    "repeat_customer_rate": 71.8562874251497,
    "top_product": "WHITE HANGING HEART T-LIGHT HOLDER",
    "top_customer_revenue": 176206.16
}