Accuracy,Precision,Recall,F1,ROC_AUC,Model
0.9920774647887324,1.0,0.984375,0.9921259842519685,1.0,Logistic Regression
1.0,1.0,1.0,1.0,1.0,Random Forest
0.9973591549295775,0.9948186528497409,1.0,0.9974025974025974,0.9999906994047618,XGBoost
