Cluster,Customers,AverageRevenue,AverageCLV,AverageRecency,AverageFrequency,Segment
0,5669,1437.932816722526,81.67491103184115,200.95837008290704,5.559534309402011,High Value Customers
1,9,57664.25555555555,2355.2752500270453,44.44444444444444,198.22222222222223,VIP Customers
