Metric,Value
MAE,3430.162178782604
RMSE,4700.5052357618015
R2 Score,0.5099693801448264
